No.,"""Third-placed teams advance from group""											",,,,,,,,,,,,"1A
vs","1B
vs","1D
vs","1E
vs","1G
vs","1I
vs","1K
vs","1L
vs",Combination String
1,,,,E,F,G,H,I,J,K,L,,3E,3J,3I,3F,3H,3G,3L,3K,EFGHIJKL
2,,,D,,F,G,H,I,J,K,L,,3H,3G,3I,3D,3J,3F,3L,3K,DFGHIJKL
3,,,D,E,,G,H,I,J,K,L,,3E,3J,3I,3D,3H,3G,3L,3K,DEGHIJKL
4,,,D,E,F,,H,I,J,K,L,,3E,3J,3I,3D,3H,3F,3L,3K,DEFHIJKL
5,,,D,E,F,G,,I,J,K,L,,3E,3G,3I,3D,3J,3F,3L,3K,DEFGIJKL
6,,,D,E,F,G,H,,J,K,L,,3E,3G,3J,3D,3H,3F,3L,3K,DEFGHJKL
7,,,D,E,F,G,H,I,,K,L,,3E,3G,3I,3D,3H,3F,3L,3K,DEFGHIKL
8,,,D,E,F,G,H,I,J,,L,,3E,3G,3J,3D,3H,3F,3L,3I,DEFGHIJL
9,,,D,E,F,G,H,I,J,K,,,3E,3G,3J,3D,3H,3F,3I,3K,DEFGHIJK
10,,C,,,F,G,H,I,J,K,L,,3H,3G,3I,3C,3J,3F,3L,3K,CFGHIJKL
11,,C,,E,,G,H,I,J,K,L,,3E,3J,3I,3C,3H,3G,3L,3K,CEGHIJKL
12,,C,,E,F,,H,I,J,K,L,,3E,3J,3I,3C,3H,3F,3L,3K,CEFHIJKL
13,,C,,E,F,G,,I,J,K,L,,3E,3G,3I,3C,3J,3F,3L,3K,CEFGIJKL
14,,C,,E,F,G,H,,J,K,L,,3E,3G,3J,3C,3H,3F,3L,3K,CEFGHJKL
15,,C,,E,F,G,H,I,,K,L,,3E,3G,3I,3C,3H,3F,3L,3K,CEFGHIKL
16,,C,,E,F,G,H,I,J,,L,,3E,3G,3J,3C,3H,3F,3L,3I,CEFGHIJL
17,,C,,E,F,G,H,I,J,K,,,3E,3G,3J,3C,3H,3F,3I,3K,CEFGHIJK
18,,C,D,,,G,H,I,J,K,L,,3H,3G,3I,3C,3J,3D,3L,3K,CDGHIJKL
19,,C,D,,F,,H,I,J,K,L,,3C,3J,3I,3D,3H,3F,3L,3K,CDFHIJKL
20,,C,D,,F,G,,I,J,K,L,,3C,3G,3I,3D,3J,3F,3L,3K,CDFGIJKL
21,,C,D,,F,G,H,,J,K,L,,3C,3G,3J,3D,3H,3F,3L,3K,CDFGHJKL
22,,C,D,,F,G,H,I,,K,L,,3C,3G,3I,3D,3H,3F,3L,3K,CDFGHIKL
23,,C,D,,F,G,H,I,J,,L,,3C,3G,3J,3D,3H,3F,3L,3I,CDFGHIJL
24,,C,D,,F,G,H,I,J,K,,,3C,3G,3J,3D,3H,3F,3I,3K,CDFGHIJK
25,,C,D,E,,,H,I,J,K,L,,3E,3J,3I,3C,3H,3D,3L,3K,CDEHIJKL
26,,C,D,E,,G,,I,J,K,L,,3E,3G,3I,3C,3J,3D,3L,3K,CDEGIJKL
27,,C,D,E,,G,H,,J,K,L,,3E,3G,3J,3C,3H,3D,3L,3K,CDEGHJKL
28,,C,D,E,,G,H,I,,K,L,,3E,3G,3I,3C,3H,3D,3L,3K,CDEGHIKL
29,,C,D,E,,G,H,I,J,,L,,3E,3G,3J,3C,3H,3D,3L,3I,CDEGHIJL
30,,C,D,E,,G,H,I,J,K,,,3E,3G,3J,3C,3H,3D,3I,3K,CDEGHIJK
31,,C,D,E,F,,,I,J,K,L,,3C,3J,3E,3D,3I,3F,3L,3K,CDEFIJKL
32,,C,D,E,F,,H,,J,K,L,,3C,3J,3E,3D,3H,3F,3L,3K,CDEFHJKL
33,,C,D,E,F,,H,I,,K,L,,3C,3E,3I,3D,3H,3F,3L,3K,CDEFHIKL
34,,C,D,E,F,,H,I,J,,L,,3C,3J,3E,3D,3H,3F,3L,3I,CDEFHIJL
35,,C,D,E,F,,H,I,J,K,,,3C,3J,3E,3D,3H,3F,3I,3K,CDEFHIJK
36,,C,D,E,F,G,,,J,K,L,,3C,3G,3E,3D,3J,3F,3L,3K,CDEFGJKL
37,,C,D,E,F,G,,I,,K,L,,3C,3G,3E,3D,3I,3F,3L,3K,CDEFGIKL
38,,C,D,E,F,G,,I,J,,L,,3C,3G,3E,3D,3J,3F,3L,3I,CDEFGIJL
39,,C,D,E,F,G,,I,J,K,,,3C,3G,3E,3D,3J,3F,3I,3K,CDEFGIJK
40,,C,D,E,F,G,H,,,K,L,,3C,3G,3E,3D,3H,3F,3L,3K,CDEFGHKL
41,,C,D,E,F,G,H,,J,,L,,3C,3G,3J,3D,3H,3F,3L,3E,CDEFGHJL
42,,C,D,E,F,G,H,,J,K,,,3C,3G,3J,3D,3H,3F,3E,3K,CDEFGHJK
43,,C,D,E,F,G,H,I,,,L,,3C,3G,3E,3D,3H,3F,3L,3I,CDEFGHIL
44,,C,D,E,F,G,H,I,,K,,,3C,3G,3E,3D,3H,3F,3I,3K,CDEFGHIK
45,,C,D,E,F,G,H,I,J,,,,3C,3G,3J,3D,3H,3F,3E,3I,CDEFGHIJ
46,B,,,,F,G,H,I,J,K,L,,3H,3J,3B,3F,3I,3G,3L,3K,BFGHIJKL
47,B,,,E,,G,H,I,J,K,L,,3E,3J,3I,3B,3H,3G,3L,3K,BEGHIJKL
48,B,,,E,F,,H,I,J,K,L,,3E,3J,3B,3F,3I,3H,3L,3K,BEFHIJKL
49,B,,,E,F,G,,I,J,K,L,,3E,3J,3B,3F,3I,3G,3L,3K,BEFGIJKL
50,B,,,E,F,G,H,,J,K,L,,3E,3J,3B,3F,3H,3G,3L,3K,BEFGHJKL
51,B,,,E,F,G,H,I,,K,L,,3E,3G,3B,3F,3I,3H,3L,3K,BEFGHIKL
52,B,,,E,F,G,H,I,J,,L,,3E,3J,3B,3F,3H,3G,3L,3I,BEFGHIJL
53,B,,,E,F,G,H,I,J,K,,,3E,3J,3B,3F,3H,3G,3I,3K,BEFGHIJK
54,B,,D,,,G,H,I,J,K,L,,3H,3J,3B,3D,3I,3G,3L,3K,BDGHIJKL
55,B,,D,,F,,H,I,J,K,L,,3H,3J,3B,3D,3I,3F,3L,3K,BDFHIJKL
56,B,,D,,F,G,,I,J,K,L,,3I,3G,3B,3D,3J,3F,3L,3K,BDFGIJKL
57,B,,D,,F,G,H,,J,K,L,,3H,3G,3B,3D,3J,3F,3L,3K,BDFGHJKL
58,B,,D,,F,G,H,I,,K,L,,3H,3G,3B,3D,3I,3F,3L,3K,BDFGHIKL
59,B,,D,,F,G,H,I,J,,L,,3H,3G,3B,3D,3J,3F,3L,3I,BDFGHIJL
60,B,,D,,F,G,H,I,J,K,,,3H,3G,3B,3D,3J,3F,3I,3K,BDFGHIJK
61,B,,D,E,,,H,I,J,K,L,,3E,3J,3B,3D,3I,3H,3L,3K,BDEHIJKL
62,B,,D,E,,G,,I,J,K,L,,3E,3J,3B,3D,3I,3G,3L,3K,BDEGIJKL
63,B,,D,E,,G,H,,J,K,L,,3E,3J,3B,3D,3H,3G,3L,3K,BDEGHJKL
64,B,,D,E,,G,H,I,,K,L,,3E,3G,3B,3D,3I,3H,3L,3K,BDEGHIKL
65,B,,D,E,,G,H,I,J,,L,,3E,3J,3B,3D,3H,3G,3L,3I,BDEGHIJL
66,B,,D,E,,G,H,I,J,K,,,3E,3J,3B,3D,3H,3G,3I,3K,BDEGHIJK
67,B,,D,E,F,,,I,J,K,L,,3E,3J,3B,3D,3I,3F,3L,3K,BDEFIJKL
68,B,,D,E,F,,H,,J,K,L,,3E,3J,3B,3D,3H,3F,3L,3K,BDEFHJKL
69,B,,D,E,F,,H,I,,K,L,,3E,3I,3B,3D,3H,3F,3L,3K,BDEFHIKL
70,B,,D,E,F,,H,I,J,,L,,3E,3J,3B,3D,3H,3F,3L,3I,BDEFHIJL
71,B,,D,E,F,,H,I,J,K,,,3E,3J,3B,3D,3H,3F,3I,3K,BDEFHIJK
72,B,,D,E,F,G,,,J,K,L,,3E,3G,3B,3D,3J,3F,3L,3K,BDEFGJKL
73,B,,D,E,F,G,,I,,K,L,,3E,3G,3B,3D,3I,3F,3L,3K,BDEFGIKL
74,B,,D,E,F,G,,I,J,,L,,3E,3G,3B,3D,3J,3F,3L,3I,BDEFGIJL
75,B,,D,E,F,G,,I,J,K,,,3E,3G,3B,3D,3J,3F,3I,3K,BDEFGIJK
76,B,,D,E,F,G,H,,,K,L,,3E,3G,3B,3D,3H,3F,3L,3K,BDEFGHKL
77,B,,D,E,F,G,H,,J,,L,,3H,3G,3B,3D,3J,3F,3L,3E,BDEFGHJL
78,B,,D,E,F,G,H,,J,K,,,3H,3G,3B,3D,3J,3F,3E,3K,BDEFGHJK
79,B,,D,E,F,G,H,I,,,L,,3E,3G,3B,3D,3H,3F,3L,3I,BDEFGHIL
80,B,,D,E,F,G,H,I,,K,,,3E,3G,3B,3D,3H,3F,3I,3K,BDEFGHIK
81,B,,D,E,F,G,H,I,J,,,,3H,3G,3B,3D,3J,3F,3E,3I,BDEFGHIJ
82,B,C,,,,G,H,I,J,K,L,,3H,3J,3B,3C,3I,3G,3L,3K,BCGHIJKL
83,B,C,,,F,,H,I,J,K,L,,3H,3J,3B,3C,3I,3F,3L,3K,BCFHIJKL
84,B,C,,,F,G,,I,J,K,L,,3I,3G,3B,3C,3J,3F,3L,3K,BCFGIJKL
85,B,C,,,F,G,H,,J,K,L,,3H,3G,3B,3C,3J,3F,3L,3K,BCFGHJKL
86,B,C,,,F,G,H,I,,K,L,,3H,3G,3B,3C,3I,3F,3L,3K,BCFGHIKL
87,B,C,,,F,G,H,I,J,,L,,3H,3G,3B,3C,3J,3F,3L,3I,BCFGHIJL
88,B,C,,,F,G,H,I,J,K,,,3H,3G,3B,3C,3J,3F,3I,3K,BCFGHIJK
89,B,C,,E,,,H,I,J,K,L,,3E,3J,3B,3C,3I,3H,3L,3K,BCEHIJKL
90,B,C,,E,,G,,I,J,K,L,,3E,3J,3B,3C,3I,3G,3L,3K,BCEGIJKL
91,B,C,,E,,G,H,,J,K,L,,3E,3J,3B,3C,3H,3G,3L,3K,BCEGHJKL
92,B,C,,E,,G,H,I,,K,L,,3E,3G,3B,3C,3I,3H,3L,3K,BCEGHIKL
93,B,C,,E,,G,H,I,J,,L,,3E,3J,3B,3C,3H,3G,3L,3I,BCEGHIJL
94,B,C,,E,,G,H,I,J,K,,,3E,3J,3B,3C,3H,3G,3I,3K,BCEGHIJK
95,B,C,,E,F,,,I,J,K,L,,3E,3J,3B,3C,3I,3F,3L,3K,BCEFIJKL
96,B,C,,E,F,,H,,J,K,L,,3E,3J,3B,3C,3H,3F,3L,3K,BCEFHJKL
97,B,C,,E,F,,H,I,,K,L,,3E,3I,3B,3C,3H,3F,3L,3K,BCEFHIKL
98,B,C,,E,F,,H,I,J,,L,,3E,3J,3B,3C,3H,3F,3L,3I,BCEFHIJL
99,B,C,,E,F,,H,I,J,K,,,3E,3J,3B,3C,3H,3F,3I,3K,BCEFHIJK
100,B,C,,E,F,G,,,J,K,L,,3E,3G,3B,3C,3J,3F,3L,3K,BCEFGJKL
101,B,C,,E,F,G,,I,,K,L,,3E,3G,3B,3C,3I,3F,3L,3K,BCEFGIKL
102,B,C,,E,F,G,,I,J,,L,,3E,3G,3B,3C,3J,3F,3L,3I,BCEFGIJL
103,B,C,,E,F,G,,I,J,K,,,3E,3G,3B,3C,3J,3F,3I,3K,BCEFGIJK
104,B,C,,E,F,G,H,,,K,L,,3E,3G,3B,3C,3H,3F,3L,3K,BCEFGHKL
105,B,C,,E,F,G,H,,J,,L,,3H,3G,3B,3C,3J,3F,3L,3E,BCEFGHJL
106,B,C,,E,F,G,H,,J,K,,,3H,3G,3B,3C,3J,3F,3E,3K,BCEFGHJK
107,B,C,,E,F,G,H,I,,,L,,3E,3G,3B,3C,3H,3F,3L,3I,BCEFGHIL
108,B,C,,E,F,G,H,I,,K,,,3E,3G,3B,3C,3H,3F,3I,3K,BCEFGHIK
109,B,C,,E,F,G,H,I,J,,,,3H,3G,3B,3C,3J,3F,3E,3I,BCEFGHIJ
110,B,C,D,,,,H,I,J,K,L,,3H,3J,3B,3C,3I,3D,3L,3K,BCDHIJKL
111,B,C,D,,,G,,I,J,K,L,,3I,3G,3B,3C,3J,3D,3L,3K,BCDGIJKL
112,B,C,D,,,G,H,,J,K,L,,3H,3G,3B,3C,3J,3D,3L,3K,BCDGHJKL
113,B,C,D,,,G,H,I,,K,L,,3H,3G,3B,3C,3I,3D,3L,3K,BCDGHIKL
114,B,C,D,,,G,H,I,J,,L,,3H,3G,3B,3C,3J,3D,3L,3I,BCDGHIJL
115,B,C,D,,,G,H,I,J,K,,,3H,3G,3B,3C,3J,3D,3I,3K,BCDGHIJK
116,B,C,D,,F,,,I,J,K,L,,3C,3J,3B,3D,3I,3F,3L,3K,BCDFIJKL
117,B,C,D,,F,,H,,J,K,L,,3C,3J,3B,3D,3H,3F,3L,3K,BCDFHJKL
118,B,C,D,,F,,H,I,,K,L,,3C,3I,3B,3D,3H,3F,3L,3K,BCDFHIKL
119,B,C,D,,F,,H,I,J,,L,,3C,3J,3B,3D,3H,3F,3L,3I,BCDFHIJL
120,B,C,D,,F,,H,I,J,K,,,3C,3J,3B,3D,3H,3F,3I,3K,BCDFHIJK
121,B,C,D,,F,G,,,J,K,L,,3C,3G,3B,3D,3J,3F,3L,3K,BCDFGJKL
122,B,C,D,,F,G,,I,,K,L,,3C,3G,3B,3D,3I,3F,3L,3K,BCDFGIKL
123,B,C,D,,F,G,,I,J,,L,,3C,3G,3B,3D,3J,3F,3L,3I,BCDFGIJL
124,B,C,D,,F,G,,I,J,K,,,3C,3G,3B,3D,3J,3F,3I,3K,BCDFGIJK
125,B,C,D,,F,G,H,,,K,L,,3C,3G,3B,3D,3H,3F,3L,3K,BCDFGHKL
126,B,C,D,,F,G,H,,J,,L,,3C,3G,3B,3D,3H,3F,3L,3J,BCDFGHJL
127,B,C,D,,F,G,H,,J,K,,,3H,3G,3B,3C,3J,3F,3D,3K,BCDFGHJK
128,B,C,D,,F,G,H,I,,,L,,3C,3G,3B,3D,3H,3F,3L,3I,BCDFGHIL
129,B,C,D,,F,G,H,I,,K,,,3C,3G,3B,3D,3H,3F,3I,3K,BCDFGHIK
130,B,C,D,,F,G,H,I,J,,,,3H,3G,3B,3C,3J,3F,3D,3I,BCDFGHIJ
131,B,C,D,E,,,,I,J,K,L,,3E,3J,3B,3C,3I,3D,3L,3K,BCDEIJKL
132,B,C,D,E,,,H,,J,K,L,,3E,3J,3B,3C,3H,3D,3L,3K,BCDEHJKL
133,B,C,D,E,,,H,I,,K,L,,3E,3I,3B,3C,3H,3D,3L,3K,BCDEHIKL
134,B,C,D,E,,,H,I,J,,L,,3E,3J,3B,3C,3H,3D,3L,3I,BCDEHIJL
135,B,C,D,E,,,H,I,J,K,,,3E,3J,3B,3C,3H,3D,3I,3K,BCDEHIJK
136,B,C,D,E,,G,,,J,K,L,,3E,3G,3B,3C,3J,3D,3L,3K,BCDEGJKL
137,B,C,D,E,,G,,I,,K,L,,3E,3G,3B,3C,3I,3D,3L,3K,BCDEGIKL
138,B,C,D,E,,G,,I,J,,L,,3E,3G,3B,3C,3J,3D,3L,3I,BCDEGIJL
139,B,C,D,E,,G,,I,J,K,,,3E,3G,3B,3C,3J,3D,3I,3K,BCDEGIJK
140,B,C,D,E,,G,H,,,K,L,,3E,3G,3B,3C,3H,3D,3L,3K,BCDEGHKL
141,B,C,D,E,,G,H,,J,,L,,3H,3G,3B,3C,3J,3D,3L,3E,BCDEGHJL
142,B,C,D,E,,G,H,,J,K,,,3H,3G,3B,3C,3J,3D,3E,3K,BCDEGHJK
143,B,C,D,E,,G,H,I,,,L,,3E,3G,3B,3C,3H,3D,3L,3I,BCDEGHIL
144,B,C,D,E,,G,H,I,,K,,,3E,3G,3B,3C,3H,3D,3I,3K,BCDEGHIK
145,B,C,D,E,,G,H,I,J,,,,3H,3G,3B,3C,3J,3D,3E,3I,BCDEGHIJ
146,B,C,D,E,F,,,,J,K,L,,3C,3J,3B,3D,3E,3F,3L,3K,BCDEFJKL
147,B,C,D,E,F,,,I,,K,L,,3C,3E,3B,3D,3I,3F,3L,3K,BCDEFIKL
148,B,C,D,E,F,,,I,J,,L,,3C,3J,3B,3D,3E,3F,3L,3I,BCDEFIJL
149,B,C,D,E,F,,,I,J,K,,,3C,3J,3B,3D,3E,3F,3I,3K,BCDEFIJK
150,B,C,D,E,F,,H,,,K,L,,3C,3E,3B,3D,3H,3F,3L,3K,BCDEFHKL
151,B,C,D,E,F,,H,,J,,L,,3C,3J,3B,3D,3H,3F,3L,3E,BCDEFHJL
152,B,C,D,E,F,,H,,J,K,,,3C,3J,3B,3D,3H,3F,3E,3K,BCDEFHJK
153,B,C,D,E,F,,H,I,,,L,,3C,3E,3B,3D,3H,3F,3L,3I,BCDEFHIL
154,B,C,D,E,F,,H,I,,K,,,3C,3E,3B,3D,3H,3F,3I,3K,BCDEFHIK
155,B,C,D,E,F,,H,I,J,,,,3C,3J,3B,3D,3H,3F,3E,3I,BCDEFHIJ
156,B,C,D,E,F,G,,,,K,L,,3C,3G,3B,3D,3E,3F,3L,3K,BCDEFGKL
157,B,C,D,E,F,G,,,J,,L,,3C,3G,3B,3D,3J,3F,3L,3E,BCDEFGJL
158,B,C,D,E,F,G,,,J,K,,,3C,3G,3B,3D,3J,3F,3E,3K,BCDEFGJK
159,B,C,D,E,F,G,,I,,,L,,3C,3G,3B,3D,3E,3F,3L,3I,BCDEFGIL
160,B,C,D,E,F,G,,I,,K,,,3C,3G,3B,3D,3E,3F,3I,3K,BCDEFGIK
161,B,C,D,E,F,G,,I,J,,,,3C,3G,3B,3D,3J,3F,3E,3I,BCDEFGIJ
162,B,C,D,E,F,G,H,,,,L,,3C,3G,3B,3D,3H,3F,3L,3E,BCDEFGHL
163,B,C,D,E,F,G,H,,,K,,,3C,3G,3B,3D,3H,3F,3E,3K,BCDEFGHK
164,B,C,D,E,F,G,H,,J,,,,3H,3G,3B,3C,3J,3F,3D,3E,BCDEFGHJ
165,B,C,D,E,F,G,H,I,,,,,3C,3G,3B,3D,3H,3F,3E,3I,BCDEFGHI
166,,,,,F,G,H,I,J,K,L,,3H,3J,3I,3F,3A,3G,3L,3K,AFGHIJKL
167,,,,E,,G,H,I,J,K,L,,3E,3J,3I,3A,3H,3G,3L,3K,AEGHIJKL
168,,,,E,F,,H,I,J,K,L,,3E,3J,3I,3F,3A,3H,3L,3K,AEFHIJKL
169,,,,E,F,G,,I,J,K,L,,3E,3J,3I,3F,3A,3G,3L,3K,AEFGIJKL
170,,,,E,F,G,H,,J,K,L,,3E,3G,3J,3F,3A,3H,3L,3K,AEFGHJKL
171,,,,E,F,G,H,I,,K,L,,3E,3G,3I,3F,3A,3H,3L,3K,AEFGHIKL
172,,,,E,F,G,H,I,J,,L,,3E,3G,3J,3F,3A,3H,3L,3I,AEFGHIJL
173,,,,E,F,G,H,I,J,K,,,3E,3G,3J,3F,3A,3H,3I,3K,AEFGHIJK
174,,,D,,,G,H,I,J,K,L,,3H,3J,3I,3D,3A,3G,3L,3K,ADGHIJKL
175,,,D,,F,,H,I,J,K,L,,3H,3J,3I,3D,3A,3F,3L,3K,ADFHIJKL
176,,,D,,F,G,,I,J,K,L,,3I,3G,3J,3D,3A,3F,3L,3K,ADFGIJKL
177,,,D,,F,G,H,,J,K,L,,3H,3G,3J,3D,3A,3F,3L,3K,ADFGHJKL
178,,,D,,F,G,H,I,,K,L,,3H,3G,3I,3D,3A,3F,3L,3K,ADFGHIKL
179,,,D,,F,G,H,I,J,,L,,3H,3G,3J,3D,3A,3F,3L,3I,ADFGHIJL
180,,,D,,F,G,H,I,J,K,,,3H,3G,3J,3D,3A,3F,3I,3K,ADFGHIJK
181,,,D,E,,,H,I,J,K,L,,3E,3J,3I,3D,3A,3H,3L,3K,ADEHIJKL
182,,,D,E,,G,,I,J,K,L,,3E,3J,3I,3D,3A,3G,3L,3K,ADEGIJKL
183,,,D,E,,G,H,,J,K,L,,3E,3G,3J,3D,3A,3H,3L,3K,ADEGHJKL
184,,,D,E,,G,H,I,,K,L,,3E,3G,3I,3D,3A,3H,3L,3K,ADEGHIKL
185,,,D,E,,G,H,I,J,,L,,3E,3G,3J,3D,3A,3H,3L,3I,ADEGHIJL
186,,,D,E,,G,H,I,J,K,,,3E,3G,3J,3D,3A,3H,3I,3K,ADEGHIJK
187,,,D,E,F,,,I,J,K,L,,3E,3J,3I,3D,3A,3F,3L,3K,ADEFIJKL
188,,,D,E,F,,H,,J,K,L,,3H,3J,3E,3D,3A,3F,3L,3K,ADEFHJKL
189,,,D,E,F,,H,I,,K,L,,3H,3E,3I,3D,3A,3F,3L,3K,ADEFHIKL
190,,,D,E,F,,H,I,J,,L,,3H,3J,3E,3D,3A,3F,3L,3I,ADEFHIJL
191,,,D,E,F,,H,I,J,K,,,3H,3J,3E,3D,3A,3F,3I,3K,ADEFHIJK
192,,,D,E,F,G,,,J,K,L,,3E,3G,3J,3D,3A,3F,3L,3K,ADEFGJKL
193,,,D,E,F,G,,I,,K,L,,3E,3G,3I,3D,3A,3F,3L,3K,ADEFGIKL
194,,,D,E,F,G,,I,J,,L,,3E,3G,3J,3D,3A,3F,3L,3I,ADEFGIJL
195,,,D,E,F,G,,I,J,K,,,3E,3G,3J,3D,3A,3F,3I,3K,ADEFGIJK
196,,,D,E,F,G,H,,,K,L,,3H,3G,3E,3D,3A,3F,3L,3K,ADEFGHKL
197,,,D,E,F,G,H,,J,,L,,3H,3G,3J,3D,3A,3F,3L,3E,ADEFGHJL
198,,,D,E,F,G,H,,J,K,,,3H,3G,3J,3D,3A,3F,3E,3K,ADEFGHJK
199,,,D,E,F,G,H,I,,,L,,3H,3G,3E,3D,3A,3F,3L,3I,ADEFGHIL
200,,,D,E,F,G,H,I,,K,,,3H,3G,3E,3D,3A,3F,3I,3K,ADEFGHIK
201,,,D,E,F,G,H,I,J,,,,3H,3G,3J,3D,3A,3F,3E,3I,ADEFGHIJ
202,,C,,,,G,H,I,J,K,L,,3H,3J,3I,3C,3A,3G,3L,3K,ACGHIJKL
203,,C,,,F,,H,I,J,K,L,,3H,3J,3I,3C,3A,3F,3L,3K,ACFHIJKL
204,,C,,,F,G,,I,J,K,L,,3I,3G,3J,3C,3A,3F,3L,3K,ACFGIJKL
205,,C,,,F,G,H,,J,K,L,,3H,3G,3J,3C,3A,3F,3L,3K,ACFGHJKL
206,,C,,,F,G,H,I,,K,L,,3H,3G,3I,3C,3A,3F,3L,3K,ACFGHIKL
207,,C,,,F,G,H,I,J,,L,,3H,3G,3J,3C,3A,3F,3L,3I,ACFGHIJL
208,,C,,,F,G,H,I,J,K,,,3H,3G,3J,3C,3A,3F,3I,3K,ACFGHIJK
209,,C,,E,,,H,I,J,K,L,,3E,3J,3I,3C,3A,3H,3L,3K,ACEHIJKL
210,,C,,E,,G,,I,J,K,L,,3E,3J,3I,3C,3A,3G,3L,3K,ACEGIJKL
211,,C,,E,,G,H,,J,K,L,,3E,3G,3J,3C,3A,3H,3L,3K,ACEGHJKL
212,,C,,E,,G,H,I,,K,L,,3E,3G,3I,3C,3A,3H,3L,3K,ACEGHIKL
213,,C,,E,,G,H,I,J,,L,,3E,3G,3J,3C,3A,3H,3L,3I,ACEGHIJL
214,,C,,E,,G,H,I,J,K,,,3E,3G,3J,3C,3A,3H,3I,3K,ACEGHIJK
215,,C,,E,F,,,I,J,K,L,,3E,3J,3I,3C,3A,3F,3L,3K,ACEFIJKL
216,,C,,E,F,,H,,J,K,L,,3H,3J,3E,3C,3A,3F,3L,3K,ACEFHJKL
217,,C,,E,F,,H,I,,K,L,,3H,3E,3I,3C,3A,3F,3L,3K,ACEFHIKL
218,,C,,E,F,,H,I,J,,L,,3H,3J,3E,3C,3A,3F,3L,3I,ACEFHIJL
219,,C,,E,F,,H,I,J,K,,,3H,3J,3E,3C,3A,3F,3I,3K,ACEFHIJK
220,,C,,E,F,G,,,J,K,L,,3E,3G,3J,3C,3A,3F,3L,3K,ACEFGJKL
221,,C,,E,F,G,,I,,K,L,,3E,3G,3I,3C,3A,3F,3L,3K,ACEFGIKL
222,,C,,E,F,G,,I,J,,L,,3E,3G,3J,3C,3A,3F,3L,3I,ACEFGIJL
223,,C,,E,F,G,,I,J,K,,,3E,3G,3J,3C,3A,3F,3I,3K,ACEFGIJK
224,,C,,E,F,G,H,,,K,L,,3H,3G,3E,3C,3A,3F,3L,3K,ACEFGHKL
225,,C,,E,F,G,H,,J,,L,,3H,3G,3J,3C,3A,3F,3L,3E,ACEFGHJL
226,,C,,E,F,G,H,,J,K,,,3H,3G,3J,3C,3A,3F,3E,3K,ACEFGHJK
227,,C,,E,F,G,H,I,,,L,,3H,3G,3E,3C,3A,3F,3L,3I,ACEFGHIL
228,,C,,E,F,G,H,I,,K,,,3H,3G,3E,3C,3A,3F,3I,3K,ACEFGHIK
229,,C,,E,F,G,H,I,J,,,,3H,3G,3J,3C,3A,3F,3E,3I,ACEFGHIJ
230,,C,D,,,,H,I,J,K,L,,3H,3J,3I,3C,3A,3D,3L,3K,ACDHIJKL
231,,C,D,,,G,,I,J,K,L,,3I,3G,3J,3C,3A,3D,3L,3K,ACDGIJKL
232,,C,D,,,G,H,,J,K,L,,3H,3G,3J,3C,3A,3D,3L,3K,ACDGHJKL
233,,C,D,,,G,H,I,,K,L,,3H,3G,3I,3C,3A,3D,3L,3K,ACDGHIKL
234,,C,D,,,G,H,I,J,,L,,3H,3G,3J,3C,3A,3D,3L,3I,ACDGHIJL
235,,C,D,,,G,H,I,J,K,,,3H,3G,3J,3C,3A,3D,3I,3K,ACDGHIJK
236,,C,D,,F,,,I,J,K,L,,3C,3J,3I,3D,3A,3F,3L,3K,ACDFIJKL
237,,C,D,,F,,H,,J,K,L,,3H,3J,3F,3C,3A,3D,3L,3K,ACDFHJKL
238,,C,D,,F,,H,I,,K,L,,3H,3F,3I,3C,3A,3D,3L,3K,ACDFHIKL
239,,C,D,,F,,H,I,J,,L,,3H,3J,3F,3C,3A,3D,3L,3I,ACDFHIJL
240,,C,D,,F,,H,I,J,K,,,3H,3J,3F,3C,3A,3D,3I,3K,ACDFHIJK
241,,C,D,,F,G,,,J,K,L,,3C,3G,3J,3D,3A,3F,3L,3K,ACDFGJKL
242,,C,D,,F,G,,I,,K,L,,3C,3G,3I,3D,3A,3F,3L,3K,ACDFGIKL
243,,C,D,,F,G,,I,J,,L,,3C,3G,3J,3D,3A,3F,3L,3I,ACDFGIJL
244,,C,D,,F,G,,I,J,K,,,3C,3G,3J,3D,3A,3F,3I,3K,ACDFGIJK
245,,C,D,,F,G,H,,,K,L,,3H,3G,3F,3C,3A,3D,3L,3K,ACDFGHKL
246,,C,D,,F,G,H,,J,,L,,3C,3G,3J,3D,3A,3F,3L,3H,ACDFGHJL
247,,C,D,,F,G,H,,J,K,,,3H,3G,3J,3C,3A,3F,3D,3K,ACDFGHJK
248,,C,D,,F,G,H,I,,,L,,3H,3G,3F,3C,3A,3D,3L,3I,ACDFGHIL
249,,C,D,,F,G,H,I,,K,,,3H,3G,3F,3C,3A,3D,3I,3K,ACDFGHIK
250,,C,D,,F,G,H,I,J,,,,3H,3G,3J,3C,3A,3F,3D,3I,ACDFGHIJ
251,,C,D,E,,,,I,J,K,L,,3E,3J,3I,3C,3A,3D,3L,3K,ACDEIJKL
252,,C,D,E,,,H,,J,K,L,,3H,3J,3E,3C,3A,3D,3L,3K,ACDEHJKL
253,,C,D,E,,,H,I,,K,L,,3H,3E,3I,3C,3A,3D,3L,3K,ACDEHIKL
254,,C,D,E,,,H,I,J,,L,,3H,3J,3E,3C,3A,3D,3L,3I,ACDEHIJL
255,,C,D,E,,,H,I,J,K,,,3H,3J,3E,3C,3A,3D,3I,3K,ACDEHIJK
256,,C,D,E,,G,,,J,K,L,,3E,3G,3J,3C,3A,3D,3L,3K,ACDEGJKL
257,,C,D,E,,G,,I,,K,L,,3E,3G,3I,3C,3A,3D,3L,3K,ACDEGIKL
258,,C,D,E,,G,,I,J,,L,,3E,3G,3J,3C,3A,3D,3L,3I,ACDEGIJL
259,,C,D,E,,G,,I,J,K,,,3E,3G,3J,3C,3A,3D,3I,3K,ACDEGIJK
260,,C,D,E,,G,H,,,K,L,,3H,3G,3E,3C,3A,3D,3L,3K,ACDEGHKL
261,,C,D,E,,G,H,,J,,L,,3H,3G,3J,3C,3A,3D,3L,3E,ACDEGHJL
262,,C,D,E,,G,H,,J,K,,,3H,3G,3J,3C,3A,3D,3E,3K,ACDEGHJK
263,,C,D,E,,G,H,I,,,L,,3H,3G,3E,3C,3A,3D,3L,3I,ACDEGHIL
264,,C,D,E,,G,H,I,,K,,,3H,3G,3E,3C,3A,3D,3I,3K,ACDEGHIK
265,,C,D,E,,G,H,I,J,,,,3H,3G,3J,3C,3A,3D,3E,3I,ACDEGHIJ
266,,C,D,E,F,,,,J,K,L,,3C,3J,3E,3D,3A,3F,3L,3K,ACDEFJKL
267,,C,D,E,F,,,I,,K,L,,3C,3E,3I,3D,3A,3F,3L,3K,ACDEFIKL
268,,C,D,E,F,,,I,J,,L,,3C,3J,3E,3D,3A,3F,3L,3I,ACDEFIJL
269,,C,D,E,F,,,I,J,K,,,3C,3J,3E,3D,3A,3F,3I,3K,ACDEFIJK
270,,C,D,E,F,,H,,,K,L,,3H,3E,3F,3C,3A,3D,3L,3K,ACDEFHKL
271,,C,D,E,F,,H,,J,,L,,3H,3J,3F,3C,3A,3D,3L,3E,ACDEFHJL
272,,C,D,E,F,,H,,J,K,,,3H,3J,3E,3C,3A,3F,3D,3K,ACDEFHJK
273,,C,D,E,F,,H,I,,,L,,3H,3E,3F,3C,3A,3D,3L,3I,ACDEFHIL
274,,C,D,E,F,,H,I,,K,,,3H,3E,3F,3C,3A,3D,3I,3K,ACDEFHIK
275,,C,D,E,F,,H,I,J,,,,3H,3J,3E,3C,3A,3F,3D,3I,ACDEFHIJ
276,,C,D,E,F,G,,,,K,L,,3C,3G,3E,3D,3A,3F,3L,3K,ACDEFGKL
277,,C,D,E,F,G,,,J,,L,,3C,3G,3J,3D,3A,3F,3L,3E,ACDEFGJL
278,,C,D,E,F,G,,,J,K,,,3C,3G,3J,3D,3A,3F,3E,3K,ACDEFGJK
279,,C,D,E,F,G,,I,,,L,,3C,3G,3E,3D,3A,3F,3L,3I,ACDEFGIL
280,,C,D,E,F,G,,I,,K,,,3C,3G,3E,3D,3A,3F,3I,3K,ACDEFGIK
281,,C,D,E,F,G,,I,J,,,,3C,3G,3J,3D,3A,3F,3E,3I,ACDEFGIJ
282,,C,D,E,F,G,H,,,,L,,3H,3G,3F,3C,3A,3D,3L,3E,ACDEFGHL
283,,C,D,E,F,G,H,,,K,,,3H,3G,3E,3C,3A,3F,3D,3K,ACDEFGHK
284,,C,D,E,F,G,H,,J,,,,3H,3G,3J,3C,3A,3F,3D,3E,ACDEFGHJ
285,,C,D,E,F,G,H,I,,,,,3H,3G,3E,3C,3A,3F,3D,3I,ACDEFGHI
286,B,,,,,G,H,I,J,K,L,,3H,3J,3B,3A,3I,3G,3L,3K,ABGHIJKL
287,B,,,,F,,H,I,J,K,L,,3H,3J,3B,3A,3I,3F,3L,3K,ABFHIJKL
288,B,,,,F,G,,I,J,K,L,,3I,3J,3B,3F,3A,3G,3L,3K,ABFGIJKL
289,B,,,,F,G,H,,J,K,L,,3H,3J,3B,3F,3A,3G,3L,3K,ABFGHJKL
290,B,,,,F,G,H,I,,K,L,,3H,3G,3B,3A,3I,3F,3L,3K,ABFGHIKL
291,B,,,,F,G,H,I,J,,L,,3H,3J,3B,3F,3A,3G,3L,3I,ABFGHIJL
292,B,,,,F,G,H,I,J,K,,,3H,3J,3B,3F,3A,3G,3I,3K,ABFGHIJK
293,B,,,E,,,H,I,J,K,L,,3E,3J,3B,3A,3I,3H,3L,3K,ABEHIJKL
294,B,,,E,,G,,I,J,K,L,,3E,3J,3B,3A,3I,3G,3L,3K,ABEGIJKL
295,B,,,E,,G,H,,J,K,L,,3E,3J,3B,3A,3H,3G,3L,3K,ABEGHJKL
296,B,,,E,,G,H,I,,K,L,,3E,3G,3B,3A,3I,3H,3L,3K,ABEGHIKL
297,B,,,E,,G,H,I,J,,L,,3E,3J,3B,3A,3H,3G,3L,3I,ABEGHIJL
298,B,,,E,,G,H,I,J,K,,,3E,3J,3B,3A,3H,3G,3I,3K,ABEGHIJK
299,B,,,E,F,,,I,J,K,L,,3E,3J,3B,3A,3I,3F,3L,3K,ABEFIJKL
300,B,,,E,F,,H,,J,K,L,,3E,3J,3B,3F,3A,3H,3L,3K,ABEFHJKL
301,B,,,E,F,,H,I,,K,L,,3E,3I,3B,3F,3A,3H,3L,3K,ABEFHIKL
302,B,,,E,F,,H,I,J,,L,,3E,3J,3B,3F,3A,3H,3L,3I,ABEFHIJL
303,B,,,E,F,,H,I,J,K,,,3E,3J,3B,3F,3A,3H,3I,3K,ABEFHIJK
304,B,,,E,F,G,,,J,K,L,,3E,3J,3B,3F,3A,3G,3L,3K,ABEFGJKL
305,B,,,E,F,G,,I,,K,L,,3E,3G,3B,3A,3I,3F,3L,3K,ABEFGIKL
306,B,,,E,F,G,,I,J,,L,,3E,3J,3B,3F,3A,3G,3L,3I,ABEFGIJL
307,B,,,E,F,G,,I,J,K,,,3E,3J,3B,3F,3A,3G,3I,3K,ABEFGIJK
308,B,,,E,F,G,H,,,K,L,,3E,3G,3B,3F,3A,3H,3L,3K,ABEFGHKL
309,B,,,E,F,G,H,,J,,L,,3H,3J,3B,3F,3A,3G,3L,3E,ABEFGHJL
310,B,,,E,F,G,H,,J,K,,,3H,3J,3B,3F,3A,3G,3E,3K,ABEFGHJK
311,B,,,E,F,G,H,I,,,L,,3E,3G,3B,3F,3A,3H,3L,3I,ABEFGHIL
312,B,,,E,F,G,H,I,,K,,,3E,3G,3B,3F,3A,3H,3I,3K,ABEFGHIK
313,B,,,E,F,G,H,I,J,,,,3H,3J,3B,3F,3A,3G,3E,3I,ABEFGHIJ
314,B,,D,,,,H,I,J,K,L,,3I,3J,3B,3D,3A,3H,3L,3K,ABDHIJKL
315,B,,D,,,G,,I,J,K,L,,3I,3J,3B,3D,3A,3G,3L,3K,ABDGIJKL
316,B,,D,,,G,H,,J,K,L,,3H,3J,3B,3D,3A,3G,3L,3K,ABDGHJKL
317,B,,D,,,G,H,I,,K,L,,3I,3G,3B,3D,3A,3H,3L,3K,ABDGHIKL
318,B,,D,,,G,H,I,J,,L,,3H,3J,3B,3D,3A,3G,3L,3I,ABDGHIJL
319,B,,D,,,G,H,I,J,K,,,3H,3J,3B,3D,3A,3G,3I,3K,ABDGHIJK
320,B,,D,,F,,,I,J,K,L,,3I,3J,3B,3D,3A,3F,3L,3K,ABDFIJKL
321,B,,D,,F,,H,,J,K,L,,3H,3J,3B,3D,3A,3F,3L,3K,ABDFHJKL
322,B,,D,,F,,H,I,,K,L,,3H,3I,3B,3D,3A,3F,3L,3K,ABDFHIKL
323,B,,D,,F,,H,I,J,,L,,3H,3J,3B,3D,3A,3F,3L,3I,ABDFHIJL
324,B,,D,,F,,H,I,J,K,,,3H,3J,3B,3D,3A,3F,3I,3K,ABDFHIJK
325,B,,D,,F,G,,,J,K,L,,3F,3J,3B,3D,3A,3G,3L,3K,ABDFGJKL
326,B,,D,,F,G,,I,,K,L,,3I,3G,3B,3D,3A,3F,3L,3K,ABDFGIKL
327,B,,D,,F,G,,I,J,,L,,3F,3J,3B,3D,3A,3G,3L,3I,ABDFGIJL
328,B,,D,,F,G,,I,J,K,,,3F,3J,3B,3D,3A,3G,3I,3K,ABDFGIJK
329,B,,D,,F,G,H,,,K,L,,3H,3G,3B,3D,3A,3F,3L,3K,ABDFGHKL
330,B,,D,,F,G,H,,J,,L,,3H,3G,3B,3D,3A,3F,3L,3J,ABDFGHJL
331,B,,D,,F,G,H,,J,K,,,3H,3G,3B,3D,3A,3F,3J,3K,ABDFGHJK
332,B,,D,,F,G,H,I,,,L,,3H,3G,3B,3D,3A,3F,3L,3I,ABDFGHIL
333,B,,D,,F,G,H,I,,K,,,3H,3G,3B,3D,3A,3F,3I,3K,ABDFGHIK
334,B,,D,,F,G,H,I,J,,,,3H,3G,3B,3D,3A,3F,3I,3J,ABDFGHIJ
335,B,,D,E,,,,I,J,K,L,,3E,3J,3B,3A,3I,3D,3L,3K,ABDEIJKL
336,B,,D,E,,,H,,J,K,L,,3E,3J,3B,3D,3A,3H,3L,3K,ABDEHJKL
337,B,,D,E,,,H,I,,K,L,,3E,3I,3B,3D,3A,3H,3L,3K,ABDEHIKL
338,B,,D,E,,,H,I,J,,L,,3E,3J,3B,3D,3A,3H,3L,3I,ABDEHIJL
339,B,,D,E,,,H,I,J,K,,,3E,3J,3B,3D,3A,3H,3I,3K,ABDEHIJK
340,B,,D,E,,G,,,J,K,L,,3E,3J,3B,3D,3A,3G,3L,3K,ABDEGJKL
341,B,,D,E,,G,,I,,K,L,,3E,3G,3B,3A,3I,3D,3L,3K,ABDEGIKL
342,B,,D,E,,G,,I,J,,L,,3E,3J,3B,3D,3A,3G,3L,3I,ABDEGIJL
343,B,,D,E,,G,,I,J,K,,,3E,3J,3B,3D,3A,3G,3I,3K,ABDEGIJK
344,B,,D,E,,G,H,,,K,L,,3E,3G,3B,3D,3A,3H,3L,3K,ABDEGHKL
345,B,,D,E,,G,H,,J,,L,,3H,3J,3B,3D,3A,3G,3L,3E,ABDEGHJL
346,B,,D,E,,G,H,,J,K,,,3H,3J,3B,3D,3A,3G,3E,3K,ABDEGHJK
347,B,,D,E,,G,H,I,,,L,,3E,3G,3B,3D,3A,3H,3L,3I,ABDEGHIL
348,B,,D,E,,G,H,I,,K,,,3E,3G,3B,3D,3A,3H,3I,3K,ABDEGHIK
349,B,,D,E,,G,H,I,J,,,,3H,3J,3B,3D,3A,3G,3E,3I,ABDEGHIJ
350,B,,D,E,F,,,,J,K,L,,3E,3J,3B,3D,3A,3F,3L,3K,ABDEFJKL
351,B,,D,E,F,,,I,,K,L,,3E,3I,3B,3D,3A,3F,3L,3K,ABDEFIKL
352,B,,D,E,F,,,I,J,,L,,3E,3J,3B,3D,3A,3F,3L,3I,ABDEFIJL
353,B,,D,E,F,,,I,J,K,,,3E,3J,3B,3D,3A,3F,3I,3K,ABDEFIJK
354,B,,D,E,F,,H,,,K,L,,3H,3E,3B,3D,3A,3F,3L,3K,ABDEFHKL
355,B,,D,E,F,,H,,J,,L,,3H,3J,3B,3D,3A,3F,3L,3E,ABDEFHJL
356,B,,D,E,F,,H,,J,K,,,3H,3J,3B,3D,3A,3F,3E,3K,ABDEFHJK
357,B,,D,E,F,,H,I,,,L,,3H,3E,3B,3D,3A,3F,3L,3I,ABDEFHIL
358,B,,D,E,F,,H,I,,K,,,3H,3E,3B,3D,3A,3F,3I,3K,ABDEFHIK
359,B,,D,E,F,,H,I,J,,,,3H,3J,3B,3D,3A,3F,3E,3I,ABDEFHIJ
360,B,,D,E,F,G,,,,K,L,,3E,3G,3B,3D,3A,3F,3L,3K,ABDEFGKL
361,B,,D,E,F,G,,,J,,L,,3E,3G,3B,3D,3A,3F,3L,3J,ABDEFGJL
362,B,,D,E,F,G,,,J,K,,,3E,3G,3B,3D,3A,3F,3J,3K,ABDEFGJK
363,B,,D,E,F,G,,I,,,L,,3E,3G,3B,3D,3A,3F,3L,3I,ABDEFGIL
364,B,,D,E,F,G,,I,,K,,,3E,3G,3B,3D,3A,3F,3I,3K,ABDEFGIK
365,B,,D,E,F,G,,I,J,,,,3E,3G,3B,3D,3A,3F,3I,3J,ABDEFGIJ
366,B,,D,E,F,G,H,,,,L,,3H,3G,3B,3D,3A,3F,3L,3E,ABDEFGHL
367,B,,D,E,F,G,H,,,K,,,3H,3G,3B,3D,3A,3F,3E,3K,ABDEFGHK
368,B,,D,E,F,G,H,,J,,,,3H,3G,3B,3D,3A,3F,3E,3J,ABDEFGHJ
369,B,,D,E,F,G,H,I,,,,,3H,3G,3B,3D,3A,3F,3E,3I,ABDEFGHI
370,B,C,,,,,H,I,J,K,L,,3I,3J,3B,3C,3A,3H,3L,3K,ABCHIJKL
371,B,C,,,,G,,I,J,K,L,,3I,3J,3B,3C,3A,3G,3L,3K,ABCGIJKL
372,B,C,,,,G,H,,J,K,L,,3H,3J,3B,3C,3A,3G,3L,3K,ABCGHJKL
373,B,C,,,,G,H,I,,K,L,,3I,3G,3B,3C,3A,3H,3L,3K,ABCGHIKL
374,B,C,,,,G,H,I,J,,L,,3H,3J,3B,3C,3A,3G,3L,3I,ABCGHIJL
375,B,C,,,,G,H,I,J,K,,,3H,3J,3B,3C,3A,3G,3I,3K,ABCGHIJK
376,B,C,,,F,,,I,J,K,L,,3I,3J,3B,3C,3A,3F,3L,3K,ABCFIJKL
377,B,C,,,F,,H,,J,K,L,,3H,3J,3B,3C,3A,3F,3L,3K,ABCFHJKL
378,B,C,,,F,,H,I,,K,L,,3H,3I,3B,3C,3A,3F,3L,3K,ABCFHIKL
379,B,C,,,F,,H,I,J,,L,,3H,3J,3B,3C,3A,3F,3L,3I,ABCFHIJL
380,B,C,,,F,,H,I,J,K,,,3H,3J,3B,3C,3A,3F,3I,3K,ABCFHIJK
381,B,C,,,F,G,,,J,K,L,,3C,3J,3B,3F,3A,3G,3L,3K,ABCFGJKL
382,B,C,,,F,G,,I,,K,L,,3I,3G,3B,3C,3A,3F,3L,3K,ABCFGIKL
383,B,C,,,F,G,,I,J,,L,,3C,3J,3B,3F,3A,3G,3L,3I,ABCFGIJL
384,B,C,,,F,G,,I,J,K,,,3C,3J,3B,3F,3A,3G,3I,3K,ABCFGIJK
385,B,C,,,F,G,H,,,K,L,,3H,3G,3B,3C,3A,3F,3L,3K,ABCFGHKL
386,B,C,,,F,G,H,,J,,L,,3H,3G,3B,3C,3A,3F,3L,3J,ABCFGHJL
387,B,C,,,F,G,H,,J,K,,,3H,3G,3B,3C,3A,3F,3J,3K,ABCFGHJK
388,B,C,,,F,G,H,I,,,L,,3H,3G,3B,3C,3A,3F,3L,3I,ABCFGHIL
389,B,C,,,F,G,H,I,,K,,,3H,3G,3B,3C,3A,3F,3I,3K,ABCFGHIK
390,B,C,,,F,G,H,I,J,,,,3H,3G,3B,3C,3A,3F,3I,3J,ABCFGHIJ
391,B,C,,E,,,,I,J,K,L,,3E,3J,3B,3A,3I,3C,3L,3K,ABCEIJKL
392,B,C,,E,,,H,,J,K,L,,3E,3J,3B,3C,3A,3H,3L,3K,ABCEHJKL
393,B,C,,E,,,H,I,,K,L,,3E,3I,3B,3C,3A,3H,3L,3K,ABCEHIKL
394,B,C,,E,,,H,I,J,,L,,3E,3J,3B,3C,3A,3H,3L,3I,ABCEHIJL
395,B,C,,E,,,H,I,J,K,,,3E,3J,3B,3C,3A,3H,3I,3K,ABCEHIJK
396,B,C,,E,,G,,,J,K,L,,3E,3J,3B,3C,3A,3G,3L,3K,ABCEGJKL
397,B,C,,E,,G,,I,,K,L,,3E,3G,3B,3A,3I,3C,3L,3K,ABCEGIKL
398,B,C,,E,,G,,I,J,,L,,3E,3J,3B,3C,3A,3G,3L,3I,ABCEGIJL
399,B,C,,E,,G,,I,J,K,,,3E,3J,3B,3C,3A,3G,3I,3K,ABCEGIJK
400,B,C,,E,,G,H,,,K,L,,3E,3G,3B,3C,3A,3H,3L,3K,ABCEGHKL
401,B,C,,E,,G,H,,J,,L,,3H,3J,3B,3C,3A,3G,3L,3E,ABCEGHJL
402,B,C,,E,,G,H,,J,K,,,3H,3J,3B,3C,3A,3G,3E,3K,ABCEGHJK
403,B,C,,E,,G,H,I,,,L,,3E,3G,3B,3C,3A,3H,3L,3I,ABCEGHIL
404,B,C,,E,,G,H,I,,K,,,3E,3G,3B,3C,3A,3H,3I,3K,ABCEGHIK
405,B,C,,E,,G,H,I,J,,,,3H,3J,3B,3C,3A,3G,3E,3I,ABCEGHIJ
406,B,C,,E,F,,,,J,K,L,,3E,3J,3B,3C,3A,3F,3L,3K,ABCEFJKL
407,B,C,,E,F,,,I,,K,L,,3E,3I,3B,3C,3A,3F,3L,3K,ABCEFIKL
408,B,C,,E,F,,,I,J,,L,,3E,3J,3B,3C,3A,3F,3L,3I,ABCEFIJL
409,B,C,,E,F,,,I,J,K,,,3E,3J,3B,3C,3A,3F,3I,3K,ABCEFIJK
410,B,C,,E,F,,H,,,K,L,,3H,3E,3B,3C,3A,3F,3L,3K,ABCEFHKL
411,B,C,,E,F,,H,,J,,L,,3H,3J,3B,3C,3A,3F,3L,3E,ABCEFHJL
412,B,C,,E,F,,H,,J,K,,,3H,3J,3B,3C,3A,3F,3E,3K,ABCEFHJK
413,B,C,,E,F,,H,I,,,L,,3H,3E,3B,3C,3A,3F,3L,3I,ABCEFHIL
414,B,C,,E,F,,H,I,,K,,,3H,3E,3B,3C,3A,3F,3I,3K,ABCEFHIK
415,B,C,,E,F,,H,I,J,,,,3H,3J,3B,3C,3A,3F,3E,3I,ABCEFHIJ
416,B,C,,E,F,G,,,,K,L,,3E,3G,3B,3C,3A,3F,3L,3K,ABCEFGKL
417,B,C,,E,F,G,,,J,,L,,3E,3G,3B,3C,3A,3F,3L,3J,ABCEFGJL
418,B,C,,E,F,G,,,J,K,,,3E,3G,3B,3C,3A,3F,3J,3K,ABCEFGJK
419,B,C,,E,F,G,,I,,,L,,3E,3G,3B,3C,3A,3F,3L,3I,ABCEFGIL
420,B,C,,E,F,G,,I,,K,,,3E,3G,3B,3C,3A,3F,3I,3K,ABCEFGIK
421,B,C,,E,F,G,,I,J,,,,3E,3G,3B,3C,3A,3F,3I,3J,ABCEFGIJ
422,B,C,,E,F,G,H,,,,L,,3H,3G,3B,3C,3A,3F,3L,3E,ABCEFGHL
423,B,C,,E,F,G,H,,,K,,,3H,3G,3B,3C,3A,3F,3E,3K,ABCEFGHK
424,B,C,,E,F,G,H,,J,,,,3H,3G,3B,3C,3A,3F,3E,3J,ABCEFGHJ
425,B,C,,E,F,G,H,I,,,,,3H,3G,3B,3C,3A,3F,3E,3I,ABCEFGHI
426,B,C,D,,,,,I,J,K,L,,3I,3J,3B,3C,3A,3D,3L,3K,ABCDIJKL
427,B,C,D,,,,H,,J,K,L,,3H,3J,3B,3C,3A,3D,3L,3K,ABCDHJKL
428,B,C,D,,,,H,I,,K,L,,3H,3I,3B,3C,3A,3D,3L,3K,ABCDHIKL
429,B,C,D,,,,H,I,J,,L,,3H,3J,3B,3C,3A,3D,3L,3I,ABCDHIJL
430,B,C,D,,,,H,I,J,K,,,3H,3J,3B,3C,3A,3D,3I,3K,ABCDHIJK
431,B,C,D,,,G,,,J,K,L,,3C,3J,3B,3D,3A,3G,3L,3K,ABCDGJKL
432,B,C,D,,,G,,I,,K,L,,3I,3G,3B,3C,3A,3D,3L,3K,ABCDGIKL
433,B,C,D,,,G,,I,J,,L,,3C,3J,3B,3D,3A,3G,3L,3I,ABCDGIJL
434,B,C,D,,,G,,I,J,K,,,3C,3J,3B,3D,3A,3G,3I,3K,ABCDGIJK
435,B,C,D,,,G,H,,,K,L,,3H,3G,3B,3C,3A,3D,3L,3K,ABCDGHKL
436,B,C,D,,,G,H,,J,,L,,3H,3G,3B,3C,3A,3D,3L,3J,ABCDGHJL
437,B,C,D,,,G,H,,J,K,,,3H,3G,3B,3C,3A,3D,3J,3K,ABCDGHJK
438,B,C,D,,,G,H,I,,,L,,3H,3G,3B,3C,3A,3D,3L,3I,ABCDGHIL
439,B,C,D,,,G,H,I,,K,,,3H,3G,3B,3C,3A,3D,3I,3K,ABCDGHIK
440,B,C,D,,,G,H,I,J,,,,3H,3G,3B,3C,3A,3D,3I,3J,ABCDGHIJ
441,B,C,D,,F,,,,J,K,L,,3C,3J,3B,3D,3A,3F,3L,3K,ABCDFJKL
442,B,C,D,,F,,,I,,K,L,,3C,3I,3B,3D,3A,3F,3L,3K,ABCDFIKL
443,B,C,D,,F,,,I,J,,L,,3C,3J,3B,3D,3A,3F,3L,3I,ABCDFIJL
444,B,C,D,,F,,,I,J,K,,,3C,3J,3B,3D,3A,3F,3I,3K,ABCDFIJK
445,B,C,D,,F,,H,,,K,L,,3H,3F,3B,3C,3A,3D,3L,3K,ABCDFHKL
446,B,C,D,,F,,H,,J,,L,,3C,3J,3B,3D,3A,3F,3L,3H,ABCDFHJL
447,B,C,D,,F,,H,,J,K,,,3H,3J,3B,3C,3A,3F,3D,3K,ABCDFHJK
448,B,C,D,,F,,H,I,,,L,,3H,3F,3B,3C,3A,3D,3L,3I,ABCDFHIL
449,B,C,D,,F,,H,I,,K,,,3H,3F,3B,3C,3A,3D,3I,3K,ABCDFHIK
450,B,C,D,,F,,H,I,J,,,,3H,3J,3B,3C,3A,3F,3D,3I,ABCDFHIJ
451,B,C,D,,F,G,,,,K,L,,3C,3G,3B,3D,3A,3F,3L,3K,ABCDFGKL
452,B,C,D,,F,G,,,J,,L,,3C,3G,3B,3D,3A,3F,3L,3J,ABCDFGJL
453,B,C,D,,F,G,,,J,K,,,3C,3G,3B,3D,3A,3F,3J,3K,ABCDFGJK
454,B,C,D,,F,G,,I,,,L,,3C,3G,3B,3D,3A,3F,3L,3I,ABCDFGIL
455,B,C,D,,F,G,,I,,K,,,3C,3G,3B,3D,3A,3F,3I,3K,ABCDFGIK
456,B,C,D,,F,G,,I,J,,,,3C,3G,3B,3D,3A,3F,3I,3J,ABCDFGIJ
457,B,C,D,,F,G,H,,,,L,,3C,3G,3B,3D,3A,3F,3L,3H,ABCDFGHL
458,B,C,D,,F,G,H,,,K,,,3H,3G,3B,3C,3A,3F,3D,3K,ABCDFGHK
459,B,C,D,,F,G,H,,J,,,,3H,3G,3B,3C,3A,3F,3D,3J,ABCDFGHJ
460,B,C,D,,F,G,H,I,,,,,3H,3G,3B,3C,3A,3F,3D,3I,ABCDFGHI
461,B,C,D,E,,,,,J,K,L,,3E,3J,3B,3C,3A,3D,3L,3K,ABCDEJKL
462,B,C,D,E,,,,I,,K,L,,3E,3I,3B,3C,3A,3D,3L,3K,ABCDEIKL
463,B,C,D,E,,,,I,J,,L,,3E,3J,3B,3C,3A,3D,3L,3I,ABCDEIJL
464,B,C,D,E,,,,I,J,K,,,3E,3J,3B,3C,3A,3D,3I,3K,ABCDEIJK
465,B,C,D,E,,,H,,,K,L,,3H,3E,3B,3C,3A,3D,3L,3K,ABCDEHKL
466,B,C,D,E,,,H,,J,,L,,3H,3J,3B,3C,3A,3D,3L,3E,ABCDEHJL
467,B,C,D,E,,,H,,J,K,,,3H,3J,3B,3C,3A,3D,3E,3K,ABCDEHJK
468,B,C,D,E,,,H,I,,,L,,3H,3E,3B,3C,3A,3D,3L,3I,ABCDEHIL
469,B,C,D,E,,,H,I,,K,,,3H,3E,3B,3C,3A,3D,3I,3K,ABCDEHIK
470,B,C,D,E,,,H,I,J,,,,3H,3J,3B,3C,3A,3D,3E,3I,ABCDEHIJ
471,B,C,D,E,,G,,,,K,L,,3E,3G,3B,3C,3A,3D,3L,3K,ABCDEGKL
472,B,C,D,E,,G,,,J,,L,,3E,3G,3B,3C,3A,3D,3L,3J,ABCDEGJL
473,B,C,D,E,,G,,,J,K,,,3E,3G,3B,3C,3A,3D,3J,3K,ABCDEGJK
474,B,C,D,E,,G,,I,,,L,,3E,3G,3B,3C,3A,3D,3L,3I,ABCDEGIL
475,B,C,D,E,,G,,I,,K,,,3E,3G,3B,3C,3A,3D,3I,3K,ABCDEGIK
476,B,C,D,E,,G,,I,J,,,,3E,3G,3B,3C,3A,3D,3I,3J,ABCDEGIJ
477,B,C,D,E,,G,H,,,,L,,3H,3G,3B,3C,3A,3D,3L,3E,ABCDEGHL
478,B,C,D,E,,G,H,,,K,,,3H,3G,3B,3C,3A,3D,3E,3K,ABCDEGHK
479,B,C,D,E,,G,H,,J,,,,3H,3G,3B,3C,3A,3D,3E,3J,ABCDEGHJ
480,B,C,D,E,,G,H,I,,,,,3H,3G,3B,3C,3A,3D,3E,3I,ABCDEGHI
481,B,C,D,E,F,,,,,K,L,,3C,3E,3B,3D,3A,3F,3L,3K,ABCDEFKL
482,B,C,D,E,F,,,,J,,L,,3C,3J,3B,3D,3A,3F,3L,3E,ABCDEFJL
483,B,C,D,E,F,,,,J,K,,,3C,3J,3B,3D,3A,3F,3E,3K,ABCDEFJK
484,B,C,D,E,F,,,I,,,L,,3C,3E,3B,3D,3A,3F,3L,3I,ABCDEFIL
485,B,C,D,E,F,,,I,,K,,,3C,3E,3B,3D,3A,3F,3I,3K,ABCDEFIK
486,B,C,D,E,F,,,I,J,,,,3C,3J,3B,3D,3A,3F,3E,3I,ABCDEFIJ
487,B,C,D,E,F,,H,,,,L,,3H,3F,3B,3C,3A,3D,3L,3E,ABCDEFHL
488,B,C,D,E,F,,H,,,K,,,3H,3E,3B,3C,3A,3F,3D,3K,ABCDEFHK
489,B,C,D,E,F,,H,,J,,,,3H,3J,3B,3C,3A,3F,3D,3E,ABCDEFHJ
490,B,C,D,E,F,,H,I,,,,,3H,3E,3B,3C,3A,3F,3D,3I,ABCDEFHI
491,B,C,D,E,F,G,,,,,L,,3C,3G,3B,3D,3A,3F,3L,3E,ABCDEFGL
492,B,C,D,E,F,G,,,,K,,,3C,3G,3B,3D,3A,3F,3E,3K,ABCDEFGK
493,B,C,D,E,F,G,,,J,,,,3C,3G,3B,3D,3A,3F,3E,3J,ABCDEFGJ
494,B,C,D,E,F,G,,I,,,,,3C,3G,3B,3D,3A,3F,3E,3I,ABCDEFGI
495,B,C,D,E,F,G,H,,,,,,3H,3G,3B,3C,3A,3F,3D,3E,ABCDEFGH